Keyword,Frequency
and,19015
data,8443
the,7561
with,4629
for,3500
experience,2798
our,2455
work,1979
you,1966
business,1932
skills,1672
are,1650
team,1450
that,1374
will,1323
job,1052
analysis,982
from,972
knowledge,963
management,921
analytics,910
ability,892
solutions,878
strong,876
learning,875
your,854
tools,853
years,853
have,833
working,805
science,783
quality,756
this,722
sql,719
role,714
using,697
other,690
requirements,681
development,662
support,652
all,647
time,632
required,628
about,626
insights,624
python,618
information,610
machine,603
teams,598
company,579
understanding,571
models,567
technical,563
technology,560
responsibilities,559
analytical,531
communication,529
services,524
engineering,521
global,513
such,513
their,511
develop,509
across,506
process,503
new,501
systems,493
including,481
more,478
any,476
design,467
product,461
good,455
environment,455
world,454
can,453
build,451
ensure,449
etc,448
like,444
reports,442
processes,442
performance,441
related,439
provide,439
customer,438
people,428
degree,423
statistical,422
techniques,422
through,419
stakeholders,417
into,414
preferred,412
help,409
clients,408
identify,402
reporting,398
problem,397
opportunity,397
